shot_id,shot_made_flag
1,0.266171
8,0.303433
17,0.530642
20,0.638846
33,0.307559
34,0.446336
35,0.481589
36,0.455258
37,0.725642
38,0.456747
45,0.363314
50,0.275084
55,0.466424
60,0.444411
66,0.12537
67,0.249295
71,0.527502
80,0.125638
85,0.203294
86,0.561231
95,0.777786
104,0.434679
113,0.386719
123,0.278766
126,0.923604
133,0.396879
141,0.263509
144,0.718962
150,0.528811
152,0.422708
153,0.518445
156,0.37933
159,0.822408
165,0.652354
172,0.567989
182,0.833331
192,0.592503
193,0.546169
196,0.456687
202,0.294139
210,0.399373
211,0.560973
228,0.722953
257,0.483617
260,0.661862
264,0.385847
267,0.765836
279,0.956577
282,0.613646
293,0.382609
299,0.952484
300,0.718524
301,0.857209
317,0.461002
327,0.357773
328,0.23992
335,0.358523
346,0.760747
348,0.229557
365,0.361431
390,0.716903
391,0.68158
392,0.845499
397,0.574403
418,0.441641
428,0.359682
434,0.68755
439,0.628802
440,0.522471
456,0.577556
459,0.357074
472,0.487299
480,0.265761
491,0.431562
497,0.434551
509,0.420317
511,0.511019
523,0.269275
533,0.510878
544,0.546762
546,0.462982
555,0.715783
558,0.340428
560,0.301815
573,0.280984
591,0.483063
596,0.40368
597,0.423285
601,0.688138
605,0.525159
617,0.385593
628,0.341068
634,0.570561
646,0.379436
649,0.564717
651,0.776867
654,0.926948
656,0.627071
657,0.582605
669,0.31426
670,1.00073
693,0.791259
694,0.311792
699,0.428185
711,0.450151
718,0.465474
722,0.518446
723,0.359163
725,0.768033
734,0.385277
735,0.528855
737,0.727971
746,0.297457
747,0.709142
766,0.258768
767,0.401106
771,0.272253
773,0.285629
774,0.406417
783,0.291669
784,0.386618
789,0.309582
792,0.435833
804,0.18568
809,0.590679
812,0.352646
813,0.406696
817,0.35839
820,0.336512
825,0.453672
826,0.375192
829,0.386213
855,0.44003
859,0.668452
862,0.372771
870,0.23065
876,0.365681
880,0.332256
886,0.929096
889,0.911724
891,0.443154
897,0.877897
902,0.185756
903,0.384202
908,0.318864
909,0.43774
920,0.313434
922,0.406182
924,0.663985
932,0.394857
934,0.282777
937,0.380087
941,0.404136
943,0.381614
950,0.493224
952,0.27482
954,0.885515
963,0.412822
975,0.409293
979,0.4255
981,0.413437
983,0.201223
985,0.538725
989,0.474425
995,0.348992
998,0.362851
1008,0.272723
1019,0.690892
1023,0.572108
1026,0.335246
1029,0.605179
1034,0.869943
1036,0.721678
1038,0.27519
1039,0.557553
1051,0.413203
1052,0.201115
1066,0.295161
1087,0.231376
1092,0.236339
1094,0.724513
1098,0.425924
1099,0.492512
1102,0.379445
1118,0.451112
1131,0.376099
1133,0.742495
1135,0.935374
1138,0.46448
1139,0.86698
1142,0.438332
1151,0.281644
1152,0.377792
1155,0.686409
1165,0.2971
1167,0.732548
1172,0.33074
1174,0.739569
1180,0.456339
1200,0.538623
1202,0.490278
1227,0.673751
1228,0.671128
1229,0.244581
1237,0.41066
1241,0.418194
1256,0.223145
1279,0.384854
1293,0.258893
1295,0.248678
1319,0.759228
1320,0.340908
1321,0.874972
1322,0.716686
1334,0.198138
1351,0.814889
1373,0.43679
1375,0.334995
1380,0.478572
1382,0.650229
1385,0.422993
1399,0.321752
1403,0.76257
1428,0.206579
1434,0.358441
1444,0.856179
1448,0.265459
1466,0.91573
1476,0.428923
1478,0.404442
1485,0.46186
1491,0.664989
1494,0.735105
1500,0.32788
1501,0.718022
1503,0.414108
1519,0.663506
1524,0.330887
1529,0.749045
1533,0.701147
1538,0.95147
1539,0.503006
1546,0.46457
1555,0.340085
1559,0.345125
1563,0.740739
1565,0.742649
1574,0.316347
1591,0.364829
1594,0.199788
1605,0.276318
1611,0.520944
1614,0.39496
1620,0.550515
1626,0.38664
1630,0.476693
1632,0.388738
1634,0.402537
1643,0.360424
1651,0.473458
1655,0.372432
1658,0.288016
1659,0.434036
1665,0.388457
1675,0.428683
1680,0.725555
1690,0.400379
1696,0.441551
1714,0.305213
1721,0.427946
1726,0.508176
1728,0.294682
1734,0.350257
1735,0.333705
1740,0.345207
1744,0.81588
1747,0.357679
1752,0.367974
1763,0.736042
1765,0.659267
1769,0.386142
1785,0.807612
1787,0.313853
1788,0.321685
1793,0.301374
1800,0.402387
1825,0.398685
1826,0.695614
1834,0.282668
1843,0.37851
1844,0.307984
1848,0.244796
1849,0.225354
1860,0.350418
1863,0.329827
1875,0.720315
1883,0.469241
1890,0.40753
1892,0.306432
1893,0.415601
1897,0.340936
1905,0.450197
1908,0.617505
1931,0.336763
1940,0.8731
1943,0.33584
1947,0.125109
1965,0.802393
1967,0.400562
1968,0.42961
1972,0.760795
1982,0.314459
1985,0.396025
2005,0.804919
2010,0.805804
2021,0.349926
2024,0.740343
2036,0.415094
2043,0.681908
2047,0.652433
2049,0.500536
2055,0.357826
2065,0.482093
2066,0.300322
2070,0.245267
2077,0.863736
2085,0.679629
2095,0.678721
2097,0.732168
2108,0.40059
2112,0.670469
2113,0.617591
2122,0.182541
2139,0.42808
2144,0.675124
2146,0.27042
2148,0.232718
2149,0.753573
2157,0.334081
2159,0.329097
2168,0.453703
2176,0.448001
2178,0.69129
2181,0.278884
2187,0.792682
2188,0.240645
2190,0.217351
2194,0.341517
2197,0.240608
2214,0.312102
2217,0.175632
2222,0.459446
2223,0.324515
2226,0.339927
2230,0.63696
2240,0.305372
2247,0.349653
2250,0.37832
2259,0.559651
2262,0.448593
2266,0.361699
2305,0.373883
2310,0.330045
2313,0.376547
2319,0.876417
2320,0.787625
2345,0.29021
2350,0.726847
2356,0.387262
2360,0.698267
2370,0.449948
2386,0.363255
2398,0.338483
2414,0.732632
2435,0.724482
2439,0.22817
2446,0.773514
2458,0.234288
2465,0.259821
2466,0.371675
2470,0.327979
2495,0.687843
2501,0.25094
2507,0.252748
2533,0.103524
2537,0.411791
2538,0.216116
2541,0.283116
2542,0.722201
2544,0.825975
2554,0.164452
2555,0.0972418
2565,0.439202
2575,0.692438
2586,0.431756
2588,0.443004
2594,0.70515
2617,0.424315
2618,0.279558
2623,0.89485
2631,0.423781
2640,0.263106
2642,0.768768
2647,0.440966
2663,0.505646
2664,0.350506
2676,0.433416
2680,0.845118
2681,0.403641
2691,0.388301
2693,0.443151
2695,0.465743
2704,0.272737
2708,0.362242
2709,0.892746
2717,0.78949
2722,0.352794
2728,0.358138
2732,0.749881
2743,0.325048
2752,0.307487
2757,0.691666
2761,0.327819
2769,0.230655
2771,0.265391
2774,0.337827
2776,0.383505
2781,0.256405
2793,0.324276
2799,0.338737
2803,0.410572
2811,0.488112
2818,0.261922
2824,0.531183
2828,0.779897
2829,0.372981
2830,0.361667
2842,0.716741
2847,0.747245
2848,0.321771
2868,0.365019
2870,0.267552
2885,0.302665
2886,0.335027
2889,0.542998
2903,0.423433
2904,0.707657
2918,0.812006
2919,0.247929
2922,0.36805
2923,0.350781
2931,0.283873
2945,0.390373
2955,0.391962
2957,0.650679
2960,0.695144
2963,0.364239
2966,0.845737
2972,0.648934
2974,0.327879
2982,0.266055
2984,0.633418
3016,0.386705
3021,0.307579
3023,0.846583
3025,0.357968
3029,0.290316
3034,0.665212
3038,0.323729
3040,0.630444
3051,0.80714
3062,0.313714
3069,0.363409
3071,0.346671
3076,0.884866
3079,0.23773
3081,0.211984
3082,0.397057
3084,0.894687
3098,0.316383
3104,0.342379
3105,0.450379
3114,0.764909
3118,0.422167
3122,0.284212
3132,0.188404
3138,0.436492
3141,0.441585
3156,0.645248
3162,0.725415
3167,0.37886
3170,0.398314
3171,0.324438
3172,0.360293
3176,0.939659
3180,0.484649
3189,0.341789
3198,0.336074
3206,0.422996
3215,0.253835
3222,0.729641
3228,0.320887
3229,0.208373
3232,0.318902
3233,0.126458
3238,0.369682
3256,0.427903
3264,0.586079
3273,0.306107
3275,0.627986
3285,0.481929
3289,0.207179
3294,0.242829
3306,0.37744
3311,0.729108
3318,0.335682
3322,0.643347
3324,0.298526
3334,0.66705
3341,0.421826
3345,0.235891
3346,0.875665
3352,0.222735
3368,0.325433
3371,0.145189
3372,0.41906
3375,0.373835
3384,0.31848
3387,0.29178
3393,0.35865
3406,0.426215
3411,0.489215
3412,0.573307
3414,0.553754
3417,0.585107
3420,0.777209
3423,0.805433
3436,0.252246
3438,0.674071
3442,0.218968
3443,0.319185
3451,0.224954
3461,0.439753
3489,0.200782
3491,0.461878
3510,0.594166
3515,0.537511
3527,0.388467
3530,0.311011
3540,0.309918
3582,0.231684
3604,0.31555
3605,0.270472
3609,0.316147
3624,0.258208
3628,0.802895
3630,0.111782
3641,0.155573
3642,0.152641
3648,0.345908
3650,0.883542
3652,0.73058
3660,0.419182
3664,0.225838
3670,0.313207
3672,0.311487
3680,0.350733
3682,0.873839
3685,0.570258
3686,0.304613
3689,0.362054
3705,0.318459
3712,0.247647
3713,0.344374
3719,0.286013
3721,0.279156
3723,0.688949
3724,0.152098
3727,0.220962
3733,0.424372
3734,0.474514
3742,0.422995
3770,0.143186
3777,0.288104
3778,0.354236
3780,0.495906
3783,0.438947
3784,0.406353
3788,0.293185
3790,0.311845
3794,0.338066
3795,0.41712
3796,0.508364
3801,0.545516
3806,0.41092
3813,0.455693
3814,0.417043
3818,0.232838
3824,0.41345
3836,0.390507
3853,0.492841
3855,0.316555
3858,0.285602
3861,0.656297
3866,0.264491
3870,0.427172
3874,0.895761
3876,0.267684
3878,0.198601
3890,0.542208
3900,0.952285
3904,0.310274
3906,0.419548
3907,0.479202
3908,0.457577
3912,0.30972
3918,0.921988
3923,0.901061
3924,0.550484
3925,0.291716
3927,0.75883
3955,0.866262
3964,0.344025
3969,0.301622
3974,0.683145
3976,0.36408
3984,0.303774
3991,0.495613
3993,0.98705
4009,0.374095
4011,0.341654
4020,0.356265
4033,0.402308
4041,0.47171
4045,0.908739
4052,0.363637
4055,0.35511
4056,0.356561
4057,0.370765
4067,0.934651
4069,0.461512
4077,0.414665
4094,0.465591
4095,0.369879
4100,0.394363
4119,0.395968
4130,0.576649
4131,0.452609
4132,0.706953
4134,0.544455
4137,0.838682
4138,0.39317
4143,0.240679
4145,0.302145
4148,0.34424
4163,0.225913
4166,0.412862
4169,0.750045
4170,0.47468
4174,0.373122
4180,0.376702
4199,0.946211
4201,0.501183
4203,0.30711
4210,0.0715885
4211,0.437886
4213,0.947634
4225,0.386918
4235,0.304035
4242,0.382192
4245,0.357063
4250,0.478784
4252,0.399714
4254,0.297052
4263,0.29128
4264,0.271017
4268,0.254626
4270,0.393603
4282,0.742016
4283,0.32168
4291,0.417045
4304,0.380734
4306,0.345067
4309,0.276706
4310,0.310462
4313,0.236079
4314,0.37311
4315,0.335376
4321,0.485775
4324,0.279363
4325,0.414736
4328,0.303262
4329,0.291783
4332,0.37002
4337,0.381717
4342,0.467704
4344,0.436404
4352,0.520409
4355,0.380485
4366,0.276601
4371,0.474144
4372,0.537011
4376,0.235019
4384,0.334561
4387,0.284826
4389,0.422909
4390,0.330394
4406,0.386396
4407,0.765409
4409,0.969777
4410,0.791469
4424,0.350086
4434,0.234042
4452,0.333813
4460,0.222797
4470,0.709685
4480,0.359738
4496,0.884627
4503,0.277269
4512,0.409402
4518,0.659561
4519,0.404759
4522,0.28177
4525,0.381683
4537,0.638005
4546,0.217403
4547,0.855371
4553,0.428465
4556,0.506959
4558,0.794169
4563,0.269701
4568,0.280818
4574,0.732351
4578,0.177032
4587,0.438779
4592,0.576399
4610,0.361769
4615,0.418796
4619,0.343807
4620,0.560104
4625,0.703279
4635,0.408806
4636,0.423387
4641,0.373693
4650,0.343003
4653,0.914615
4665,0.296342
4668,0.916807
4669,0.27677
4670,0.285459
4674,0.307256
4675,0.476214
4676,0.30115
4679,0.252875
4680,0.899675
4686,0.307772
4699,0.529886
4713,0.58118
4718,0.326808
4721,0.316594
4722,0.297179
4724,0.30251
4730,0.776465
4731,0.302687
4735,0.329374
4743,0.233734
4745,0.280036
4746,0.585352
4747,0.301272
4748,0.3348
4769,0.364252
4771,0.442979
4774,0.326381
4784,0.366927
4797,0.518027
4801,0.693872
4804,0.186945
4820,0.22422
4833,0.31356
4834,0.391833
4851,0.219102
4859,0.368626
4860,0.828442
4863,0.454022
4873,0.44615
4881,0.19106
4892,0.288368
4908,0.361757
4911,0.277885
4915,0.157569
4922,0.288893
4929,0.326865
4936,0.270538
4939,0.424942
4951,0.250071
4956,0.212371
4961,0.368889
4964,0.310048
4981,0.422004
4991,0.902188
4992,0.289358
4997,0.361404
5004,0.352701
5010,0.291289
5012,0.347071
5015,0.191118
5020,0.383227
5030,0.317195
5051,0.965945
5052,0.332159
5057,0.743844
5058,0.401123
5060,0.390478
5061,0.284863
5064,0.444248
5078,0.414966
5080,0.343129
5088,0.435054
5089,0.700577
5090,0.333171
5103,0.680036
5108,0.357556
5114,0.227689
5115,0.269523
5124,0.665107
5137,0.345052
5139,0.161134
5144,0.303781
5149,0.782345
5157,0.334266
5163,0.227293
5174,0.288662
5176,0.395837
5179,0.207727
5186,0.382045
5203,0.836322
5204,0.762404
5206,0.173571
5207,0.722861
5220,0.273636
5221,0.726903
5224,0.418574
5227,0.18106
5229,0.158928
5232,0.756039
5240,0.6976
5242,0.610276
5243,0.297041
5245,0.736267
5248,0.318366
5249,0.236089
5254,0.279051
5269,0.325639
5272,0.361999
5276,0.368552
5286,0.778875
5290,0.258785
5308,0.362328
5316,0.394091
5318,0.321026
5319,0.314268
5320,0.494937
5322,0.291013
5324,0.264672
5331,0.692455
5336,0.914133
5344,0.276636
5354,0.340066
5356,0.053138
5358,0.251442
5361,0.373016
5365,0.713282
5370,0.544294
5376,0.257965
5383,0.401168
5384,0.343275
5385,0.362179
5393,0.795299
5397,0.301024
5398,0.46549
5402,0.394111
5407,0.62594
5409,0.394267
5425,0.295947
5428,0.62245
5430,0.385647
5442,0.403579
5447,0.250706
5470,0.377189
5485,0.222889
5493,0.291144
5502,0.604314
5504,0.359576
5517,0.215704
5522,0.341777
5527,0.795929
5528,0.297525
5536,0.597716
5545,0.266047
5576,0.277373
5577,0.256501
5592,0.214013
5594,0.22473
5595,0.381444
5596,0.402268
5599,0.457846
5606,0.318007
5617,0.39465
5625,0.704768
5626,0.283335
5627,0.681947
5642,0.751765
5659,0.872239
5664,0.775531
5666,0.770051
5671,0.273189
5674,0.403832
5677,0.399248
5681,0.343788
5683,0.00302744
5700,0.362748
5713,0.467444
5715,0.422476
5718,0.37695
5726,0.512444
5738,0.37583
5741,0.755952
5743,0.820181
5753,0.328038
5761,0.419616
5789,0.455186
5797,0.365171
5803,0.184732
5810,0.449227
5813,0.376693
5817,0.294954
5818,0.286195
5822,0.257911
5829,0.434301
5846,0.493132
5847,0.172605
5854,0.233992
5858,0.383332
5863,0.3318
5869,0.208549
5870,0.28408
5876,0.118451
5881,0.21595
5901,0.31802
5922,0.64005
5928,0.825396
5933,0.340435
5934,0.811239
5946,0.407244
5951,0.237828
5955,0.288465
5956,0.947197
5965,0.375385
5972,0.366619
5981,0.20159
5997,0.322704
6005,0.201101
6009,0.223325
6010,0.299382
6015,0.281381
6039,0.237634
6047,0.55504
6051,-0.030659
6056,0.374315
6061,0.259543
6064,0.194436
6065,0.332661
6070,0.324667
6085,0.740735
6086,0.112935
6091,0.780354
6097,0.257663
6099,0.322343
6104,0.707934
6108,0.321144
6109,0.358922
6124,0.662951
6142,0.713918
6144,0.413726
6150,0.281659
6154,0.33494
6155,0.289409
6156,0.959008
6158,0.386043
6159,0.943814
6169,0.708199
6170,0.0537383
6179,0.460597
6184,0.773878
6186,0.850229
6204,0.14841
6230,0.361111
6231,0.371362
6232,0.924946
6235,0.424251
6237,0.685172
6239,0.343192
6263,0.259688
6265,0.286214
6270,0.441141
6271,0.157165
6278,0.288012
6279,0.611919
6288,0.175896
6294,0.339587
6295,0.1573
6302,0.686625
6306,0.36935
6322,0.79183
6324,0.436283
6327,0.217165
6331,0.350127
6334,0.245508
6338,0.657431
6339,0.631978
6362,0.300884
6372,0.293045
6375,0.764387
6393,0.169176
6394,0.347746
6405,0.861155
6406,0.472811
6416,0.771927
6421,0.344324
6422,0.184346
6440,0.849722
6457,0.757142
6460,0.619613
6463,0.274087
6474,0.780198
6476,0.424358
6477,0.321731
6482,0.766247
6488,0.242414
6489,0.135876
6494,0.286194
6499,0.620955
6507,0.107818
6524,0.348749
6527,0.2983
6531,0.306833
6536,0.323954
6538,0.0455917
6542,0.776857
6565,0.237271
6584,0.360513
6588,0.366928
6597,0.316084
6603,0.727192
6609,0.687845
6613,0.783494
6622,0.204179
6630,0.454042
6637,0.275045
6639,0.807281
6640,0.247027
6646,0.40741
6647,0.413401
6648,0.966363
6669,0.238355
6680,0.258578
6681,0.274081
6684,0.139754
6693,0.413754
6694,0.39751
6704,0.238695
6706,0.313222
6710,0.410368
6713,0.339258
6718,0.156754
6732,0.404822
6737,0.422539
6739,0.314136
6742,0.389107
6746,0.705922
6753,0.297156
6771,0.234227
6784,0.274526
6790,0.902344
6795,0.370022
6807,0.276372
6808,0.357683
6818,0.364226
6823,0.409756
6830,0.431648
6831,0.378488
6832,0.345554
6836,0.426281
6846,0.253117
6850,0.554892
6854,0.44135
6868,0.781297
6876,0.608787
6877,0.812295
6881,0.188939
6882,0.348699
6884,0.458709
6886,0.358166
6901,0.444521
6910,0.668835
6913,0.430714
6914,0.721423
6918,0.732861
6930,0.56467
6941,0.318675
6944,0.711935
6945,0.307867
6947,0.37477
6949,0.816407
6952,0.470558
6963,0.674246
6964,0.720869
6972,0.742578
6979,0.650388
6981,0.358609
6988,0.839015
6990,0.302038
6998,0.380847
7004,0.468145
7016,0.539532
7027,0.430682
7042,0.28769
7056,0.218907
7061,0.282859
7069,0.702786
7071,0.388951
7088,0.754443
7099,0.385807
7108,0.375621
7121,0.767158
7125,0.820827
7136,0.651164
7149,0.678829
7150,0.602409
7151,0.287826
7167,0.359499
7177,0.749711
7178,0.224378
7183,0.638565
7186,0.406598
7190,0.217957
7201,0.492312
7202,0.475822
7207,0.51429
7213,0.399014
7224,0.726393
7225,0.325516
7233,0.434845
7239,0.372469
7246,0.230718
7248,0.371521
7261,0.350881
7264,0.336893
7266,0.287332
7274,0.269511
7279,0.346278
7293,0.398944
7315,0.338456
7322,0.348858
7326,0.750498
7341,0.432548
7363,0.36729
7365,0.812973
7371,0.342744
7377,0.398303
7393,0.80889
7405,0.275758
7410,0.281974
7434,0.684351
7438,0.542653
7447,0.784095
7450,0.65463
7452,0.282021
7453,0.25663
7455,0.230902
7456,0.562253
7457,0.951738
7466,0.351828
7470,0.756683
7474,0.367996
7487,0.569896
7488,0.359985
7492,0.669238
7496,0.444806
7501,0.407322
7505,0.528856
7512,0.264949
7526,0.620167
7536,0.596354
7538,0.584636
7539,0.461117
7544,0.742068
7554,0.587585
7564,0.322067
7566,0.725571
7580,0.676625
7581,0.820795
7584,0.362654
7587,0.355553
7589,0.396399
7590,0.45818
7594,0.651435
7597,0.328818
7602,0.866598
7603,0.301558
7605,0.751205
7609,0.377941
7613,0.363654
7619,0.261908
7625,0.278758
7626,0.427338
7636,0.4401
7639,0.730674
7641,0.371817
7643,0.910535
7644,0.271143
7657,0.32393
7661,0.844628
7666,0.345006
7673,0.344454
7683,0.361296
7685,0.360445
7699,0.415483
7704,0.701039
7705,0.484915
7708,0.641401
7728,0.240899
7733,0.359852
7741,0.353431
7743,0.374544
7745,0.37218
7754,0.814868
7756,0.266281
7757,0.405051
7770,0.770791
7773,0.97013
7774,0.391003
7776,0.702332
7777,0.299737
7778,0.383939
7781,0.255007
7784,0.346319
7789,0.796716
7794,0.733373
7799,0.374196
7801,0.810413
7818,0.223331
7823,0.338577
7828,0.369167
7832,0.403571
7839,0.401281
7851,0.84559
7856,0.350966
7868,0.351091
7869,0.208063
7872,0.405307
7874,0.318341
7878,0.257774
7888,0.403717
7913,0.312537
7923,0.45747
7925,0.363891
7926,0.641591
7938,0.414244
7942,0.713593
7945,0.388632
7954,0.694213
7963,0.254982
7969,0.432576
7970,0.363347
7977,0.390009
7981,0.337658
7990,0.249344
8020,0.621523
8023,0.39777
8025,0.584871
8034,0.413104
8039,0.45266
8046,0.409363
8051,0.423431
8055,0.43532
8060,0.428265
8063,0.311921
8073,0.974383
8074,0.586797
8076,0.761401
8080,0.418183
8088,0.339594
8102,0.539001
8103,0.408922
8104,0.35482
8105,0.339127
8109,0.193521
8115,0.414396
8121,0.622744
8126,0.352998
8135,0.9647
8153,0.789985
8156,0.298565
8160,0.745447
8161,0.402408
8162,0.3568
8171,0.504158
8181,0.374994
8183,0.36525
8185,0.191494
8191,0.951209
8203,0.271341
8204,0.763791
8207,0.655048
8208,0.412712
8209,0.615221
8210,0.325756
8225,0.35405
8226,0.318259
8231,0.517271
8233,0.216744
8244,0.775825
8250,0.302368
8261,0.439272
8265,0.275483
8278,0.428764
8279,0.426633
8280,0.219163
8296,0.8126
8299,0.347897
8300,0.474524
8301,0.274187
8305,0.421757
8327,0.497457
8334,0.499865
8349,0.274739
8355,0.325494
8361,0.309331
8362,0.334321
8364,0.341317
8365,0.297484
8375,0.329117
8378,0.772925
8380,0.266883
8381,0.39155
8387,0.429919
8399,0.790312
8402,0.915036
8409,0.430724
8433,0.72182
8436,0.437999
8442,0.3682
8448,0.394999
8464,0.465924
8469,0.559121
8474,0.673157
8478,0.567624
8482,0.315227
8490,0.235443
8510,0.400645
8511,0.374311
8527,0.380017
8532,0.209886
8533,0.34541
8538,0.383966
8541,0.452616
8545,0.389533
8553,0.246397
8554,0.410961
8555,0.357135
8569,0.359115
8586,0.902628
8593,0.467158
8600,0.953127
8606,0.867154
8607,0.382083
8611,0.267235
8613,0.714043
8618,0.79063
8630,0.26453
8637,0.309943
8650,0.357647
8652,0.203627
8661,0.323847
8669,0.470719
8673,0.448156
8674,0.382897
8678,0.754723
8682,0.41366
8688,0.279486
8689,0.725024
8695,0.42894
8698,0.251944
8703,0.271895
8709,0.434445
8716,0.401634
8723,0.443808
8737,0.538727
8753,0.344061
8773,0.395969
8774,0.418824
8778,0.733563
8786,0.545403
8794,0.38881
8795,0.606425
8800,0.337139
8804,0.439913
8808,0.343009
8809,0.225378
8817,0.334615
8818,0.344256
8825,0.356413
8830,0.34589
8833,0.486244
8834,0.401487
8836,0.450436
8837,0.496656
8844,0.315267
8851,0.417169
8861,0.876899
8864,0.39014
8865,0.437448
8869,0.257719
8873,0.761806
8880,0.862578
8884,0.286535
8888,0.260161
8889,0.219668
8891,0.866644
8893,0.243576
8897,0.564262
8905,0.430005
8910,0.741304
8918,0.3205
8939,0.372237
8940,0.323302
8941,0.266075
8944,0.413242
8949,0.281778
8950,0.296591
8958,0.86253
8967,0.844522
8975,0.723569
8979,0.334392
8980,0.32247
8991,0.421959
8995,0.317542
8996,0.327805
8998,0.696393
9000,0.408222
9001,0.691366
9002,0.425038
9024,0.446086
9026,0.298365
9027,0.297591
9034,0.404949
9038,0.304788
9050,0.352218
9052,0.95705
9054,0.435406
9078,0.806188
9097,0.260519
9109,0.314583
9112,0.76058
9115,0.451945
9125,0.364731
9132,0.215161
9136,0.238555
9139,0.24568
9140,0.350416
9142,0.555028
9143,0.299741
9147,0.541784
9159,0.28936
9165,0.666113
9172,0.388096
9177,0.340943
9179,0.392412
9185,0.343715
9196,0.97087
9201,0.407247
9209,0.349001
9210,0.654199
9212,0.244142
9214,0.430316
9240,0.836533
9241,0.323208
9244,0.371731
9249,0.328597
9250,0.848857
9255,0.375184
9258,0.487068
9263,0.299574
9266,0.662872
9269,0.28488
9272,0.366344
9276,0.745952
9290,0.415736
9299,0.34634
9303,0.393204
9310,0.054163
9311,0.382064
9314,0.389866
9315,0.80403
9325,0.27288
9328,0.458943
9329,0.46172
9332,0.908828
9337,0.479136
9353,0.922475
9355,0.348688
9356,0.344449
9362,0.853298
9364,0.283685
9366,0.303671
9387,0.922682
9388,0.962444
9396,0.421461
9400,0.349051
9406,0.40221
9411,0.31015
9416,0.780978
9417,0.829262
9423,0.843783
9425,0.272489
9426,0.478995
9427,0.296089
9429,0.758472
9430,0.810493
9434,0.285782
9442,0.487918
9458,0.263565
9476,0.314788
9481,0.384711
9483,0.509776
9484,0.433914
9487,0.781173
9488,0.391791
9490,0.378001
9502,0.923681
9505,0.334576
9509,0.309323
9515,0.515845
9516,0.391648
9532,0.32971
9539,0.636989
9542,0.420904
9549,0.471697
9550,0.601631
9553,0.419287
9554,0.386107
9561,0.370192
9566,0.411253
9571,0.424859
9577,0.417013
9584,0.417737
9592,0.453557
9596,0.813761
9602,0.336978
9603,0.323327
9604,0.766257
9608,0.78804
9609,0.454659
9613,0.412136
9623,0.470236
9630,0.926853
9633,0.446073
9648,0.374261
9665,0.31733
9668,0.32962
9678,0.375809
9679,0.371989
9693,0.816461
9718,0.861564
9720,0.853884
9744,0.333333
9745,0.289189
9746,0.688499
9753,0.304293
9758,0.362426
9759,0.319053
9763,0.420231
9766,0.432845
9767,0.362976
9777,0.575909
9781,0.409573
9789,0.285197
9790,0.309789
9799,0.343116
9802,0.282208
9805,0.788109
9807,0.321377
9812,0.253361
9818,0.333438
9820,0.921475
9822,0.500083
9824,0.339297
9834,0.320724
9836,0.277496
9847,0.310125
9864,0.854964
9869,0.378451
9875,0.45749
9880,0.368282
9889,0.848911
9894,0.459457
9909,0.875981
9915,0.485097
9919,0.281127
9920,0.845022
9940,0.739001
9946,0.648303
9958,0.859686
9959,0.406206
9973,0.871485
9976,0.409172
9978,0.542715
9982,0.407493
9987,0.376904
9988,0.239101
9992,0.446029
10000,0.0269337
10002,0.744242
10005,0.435708
10008,0.273977
10009,0.409104
10011,0.261142
10021,0.322803
10022,0.760001
10053,0.380351
10074,0.367783
10076,0.436517
10090,0.255164
10092,0.287307
10099,0.495924
10102,0.432686
10103,0.318688
10106,0.520476
10108,0.791087
10113,0.823158
10119,0.354511
10122,0.389319
10125,0.282288
10140,0.384558
10155,0.395511
10159,0.331397
10164,0.468588
10175,0.393378
10176,0.664068
10178,0.370523
10186,0.375968
10200,0.257068
10204,0.370846
10206,0.347126
10211,0.494765
10212,0.418555
10217,0.440547
10220,0.40963
10230,0.439788
10234,0.359001
10235,0.420755
10239,0.365905
10240,0.311855
10242,0.326201
10245,0.273621
10246,0.813366
10247,0.481598
10250,0.486434
10254,0.874195
10257,0.495033
10260,0.352815
10261,0.842766
10265,0.420262
10273,0.26704
10274,0.263735
10277,0.309152
10289,0.888314
10290,0.233854
10298,0.438606
10301,0.526335
10304,0.323658
10305,0.401823
10313,0.358146
10320,0.392532
10323,0.412689
10328,0.263959
10332,0.889373
10336,0.949176
10343,0.389654
10348,0.393794
10350,0.267495
10351,0.303809
10354,0.276054
10372,0.230184
10373,0.739443
10380,0.413565
10383,0.294017
10396,0.760672
10397,0.574567
10399,0.779541
10400,0.394186
10401,0.397726
10402,0.263777
10403,0.465782
10410,0.935256
10412,0.533179
10415,0.314095
10424,0.38722
10428,0.217965
10432,0.406983
10462,0.354692
10477,0.359846
10482,0.382552
10484,0.487316
10493,0.406354
10495,0.396227
10497,0.323994
10516,0.403852
10521,0.160169
10522,0.843315
10523,0.756527
10528,0.402929
10530,0.3444
10532,0.442187
10533,0.424502
10543,0.942916
10547,0.612502
10552,0.451544
10558,0.271944
10571,0.314515
10572,0.231564
10574,0.236598
10583,0.490292
10600,0.351757
10607,0.585099
10608,0.621412
10614,0.208905
10630,0.337044
10634,0.432194
10635,0.375888
10641,0.776153
10643,0.520785
10644,0.355085
10648,0.547398
10669,0.440813
10675,0.602908
10686,0.840082
10704,0.454939
10707,0.38849
10722,0.381569
10736,0.762542
10764,0.276402
10767,0.792815
10776,0.370527
10779,0.370349
10781,0.407535
10792,0.705163
10797,0.360926
10798,0.371982
10801,0.496668
10802,0.463265
10805,0.433931
10808,0.395685
10810,0.876411
10816,0.293038
10817,0.397107
10829,0.74038
10843,0.325408
10858,0.340667
10866,0.340262
10876,0.420191
10887,0.313819
10891,0.28001
10896,0.357314
10900,0.720031
10905,0.175491
10907,0.330177
10917,0.212561
10936,0.325595
10947,0.332839
10948,0.695958
10951,0.34939
10955,0.26796
10969,0.41797
10984,0.408087
10987,0.368266
10990,0.332031
10992,0.260049
10996,0.42542
10997,0.393598
10999,0.324075
11000,0.803813
11001,0.354521
11010,0.386656
11016,0.401892
11018,0.882602
11034,0.885539
11039,0.435987
11041,0.32124
11047,0.344299
11053,0.588009
11055,0.451273
11056,0.363538
11065,0.242292
11068,0.754036
11070,0.366833
11071,0.651457
11072,0.412123
11079,0.385415
11091,0.432486
11094,0.220233
11112,0.399958
11113,0.380136
11128,0.203254
11153,0.632462
11154,0.127333
11163,0.436459
11179,0.213602
11181,0.199467
11206,0.15202
11216,0.350589
11221,0.355634
11223,0.733622
11228,0.860443
11235,0.436605
11237,0.314221
11244,0.250017
11256,0.455154
11267,0.394154
11272,0.708896
11281,0.310065
11285,0.281012
11288,0.37191
11291,0.330783
11293,0.41262
11297,0.298635
11298,0.231051
11299,0.409492
11301,0.385421
11309,0.787865
11331,0.542204
11332,0.367736
11337,0.390703
11343,0.885009
11347,0.415817
11348,0.640675
11355,0.930646
11368,0.234
11369,0.804412
11371,0.828156
11378,0.673605
11384,0.417607
11387,0.409289
11393,0.290347
11399,0.435487
11412,0.8849
11431,0.395983
11432,0.353967
11444,0.96515
11450,1.00007
11451,0.653655
11476,0.264664
11488,0.415002
11495,0.678443
11505,0.308742
11508,0.950813
11518,0.372784
11522,0.356663
11524,0.364163
11533,0.392212
11549,0.274465
11551,0.988767
11560,0.392649
11563,0.457525
11565,0.761888
11567,0.35537
11569,0.373374
11598,0.545262
11604,0.69467
11611,0.606132
11617,0.466067
11626,0.286489
11642,0.432829
11643,0.241692
11648,0.334543
11651,0.452782
11663,0.303235
11666,0.296923
11685,0.358948
11686,0.651159
11698,0.273291
11708,0.359708
11711,0.31996
11718,0.320145
11742,0.425454
11761,0.680198
11767,0.435054
11768,0.365195
11775,0.556112
11779,0.34982
11786,0.915152
11790,0.776686
11791,0.415592
11796,0.0320641
11806,0.578547
11810,0.460531
11811,0.363212
11814,0.961179
11816,0.389128
11820,0.478557
11822,0.340425
11829,0.522131
11832,0.359045
11834,0.731681
11836,0.290227
11837,0.374666
11844,0.9433
11847,0.655379
11864,0.770276
11865,0.615473
11872,0.351523
11873,0.370192
11886,0.354092
11894,0.257194
11905,0.340044
11906,0.160715
11907,0.330216
11912,0.39671
11914,0.836523
11918,0.433988
11924,0.473143
11929,0.878082
11930,0.315155
11936,0.355856
11937,0.360629
11954,0.43351
11957,0.283992
11964,0.220991
11968,0.124564
11972,0.374079
11976,0.44452
11979,0.240079
11981,0.376892
11983,0.381448
11989,0.115964
11991,0.32393
11998,0.39245
12003,0.436569
12007,0.455378
12011,0.575108
12014,0.379939
12024,0.305809
12033,0.420488
12034,0.39955
12041,0.398305
12046,0.347242
12056,0.323274
12064,0.269011
12069,0.262338
12070,0.320174
12071,0.413027
12072,0.267865
12078,0.417082
12091,0.830292
12092,0.393824
12094,0.331022
12098,0.312378
12103,0.395286
12115,0.809789
12118,0.399371
12122,0.600802
12125,0.927325
12133,0.381017
12137,0.406473
12141,0.404563
12143,0.357245
12144,0.839739
12154,0.478325
12163,0.374217
12170,0.835224
12193,0.386117
12196,0.365878
12206,0.296723
12209,0.352568
12214,0.321116
12228,0.359952
12233,0.6544
12238,0.313627
12242,0.288055
12245,0.70653
12247,0.3911
12251,0.409178
12287,0.454299
12292,0.81789
12304,0.476237
12317,0.797571
12320,0.816115
12323,0.823994
12328,0.415577
12333,0.798878
12334,0.316051
12335,0.590718
12352,0.37776
12358,0.298706
12364,0.418655
12376,0.248017
12396,0.402877
12402,0.933834
12406,0.353343
12408,0.295992
12410,0.884824
12413,0.90791
12417,0.420221
12424,0.530189
12425,0.235837
12426,0.316875
12430,0.297041
12432,0.846313
12433,0.269586
12451,0.320813
12457,0.457724
12465,0.404144
12468,0.537957
12474,0.426955
12475,0.410439
12486,0.428832
12487,0.57024
12514,0.351162
12524,0.962387
12526,0.274913
12530,0.396507
12532,0.204775
12593,0.303468
12599,0.441665
12600,0.50848
12603,0.352634
12624,0.887729
12630,0.349916
12638,0.444576
12641,0.692674
12643,0.833754
12656,0.26423
12666,0.936723
12673,0.870917
12675,0.256627
12678,0.933991
12692,-0.00591487
12693,0.889586
12707,0.309269
12711,0.760611
12716,0.254865
12717,0.758843
12723,0.568379
12738,0.261758
12742,0.29501
12746,0.35541
12753,0.386058
12758,0.337895
12760,0.381995
12763,0.331324
12764,0.351848
12768,0.390898
12776,0.208749
12777,0.335875
12783,0.938365
12804,0.30973
12824,0.339365
12839,0.254413
12847,0.384573
12850,0.904958
12867,0.83942
12883,0.208064
12887,0.305284
12890,0.238464
12903,0.644098
12906,0.31185
12907,0.21241
12909,0.359868
12912,0.288171
12915,0.31111
12930,0.869147
12931,0.500737
12934,0.750635
12951,0.341897
12955,0.339177
12973,0.328697
12988,0.377763
12999,0.399011
13015,0.825619
13026,0.805589
13036,0.418566
13039,0.373265
13040,0.286384
13041,0.36505
13043,0.7521
13057,0.325996
13064,0.460261
13068,0.732089
13069,0.608113
13073,0.501201
13079,0.840796
13086,0.375918
13089,0.639748
13093,0.524156
13097,0.742119
13098,0.265167
13105,0.339786
13107,0.496685
13108,0.70899
13110,0.442238
13112,0.816066
13114,0.511355
13118,0.531095
13127,0.214743
13129,0.349649
13142,0.94075
13146,0.34101
13149,0.322241
13157,0.316053
13158,0.889385
13159,0.853304
13161,0.240282
13162,0.320671
13166,0.329485
13168,0.371298
13170,0.999993
13186,0.408293
13191,0.372431
13203,0.372706
13209,0.252604
13212,0.302756
13213,0.376228
13222,0.305495
13229,0.623868
13234,0.766584
13257,0.75424
13258,0.396121
13268,0.266296
13270,0.322119
13291,0.304583
13292,0.657411
13299,0.372924
13307,0.96669
13309,0.276138
13311,0.371858
13312,0.427549
13322,0.368304
13324,0.849261
13330,0.41513
13338,0.270995
13344,0.710483
13348,0.359512
13355,0.685561
13365,0.915484
13368,0.360432
13370,0.412806
13372,0.673142
13377,0.763498
13385,0.697583
13389,0.466792
13393,0.383251
13395,0.48235
13404,0.26955
13411,0.473821
13416,0.330999
13434,0.407654
13435,0.782324
13445,0.290863
13446,0.41684
13451,0.806427
13462,0.638626
13464,0.341979
13466,0.30823
13471,0.375766
13472,0.854868
13477,0.301456
13481,0.33254
13484,0.86107
13490,0.379864
13492,0.702328
13500,0.260554
13508,0.328819
13516,0.548409
13525,0.22207
13526,0.417925
13530,0.679825
13532,0.300722
13538,0.320264
13546,0.409755
13548,0.574302
13550,0.844309
13551,0.426248
13564,0.450239
13566,0.853214
13570,0.481419
13580,0.39373
13585,0.19431
13588,0.106723
13592,0.360604
13594,0.376046
13609,0.229253
13610,0.788541
13613,0.40584
13625,0.445818
13626,0.802733
13639,0.781951
13645,0.864257
13647,0.500636
13648,0.21506
13652,0.634281
13654,0.802562
13664,0.416974
13673,0.410602
13684,0.279523
13690,0.362425
13693,0.212182
13696,0.273861
13700,0.860586
13701,0.324129
13707,0.590784
13713,0.161901
13714,0.281693
13716,0.586346
13720,0.280571
13727,0.381358
13733,0.508962
13738,0.202944
13757,0.506235
13759,0.783896
13761,0.387905
13767,0.249835
13782,0.460321
13786,0.366091
13787,0.399815
13792,0.249199
13795,0.955763
13798,0.235741
13807,0.103801
13809,0.396587
13811,0.400635
13815,0.322607
13817,0.244132
13818,0.235661
13822,0.253196
13824,0.326644
13829,0.270202
13832,0.953023
13840,0.62376
13841,0.645756
13868,0.369677
13871,0.886953
13880,0.342468
13888,0.630922
13890,0.716314
13891,0.380161
13895,0.380813
13907,0.319979
13910,0.654712
13912,0.75563
13913,0.351443
13923,0.733608
13929,0.475063
13936,0.410561
13946,0.231647
13950,0.355986
13951,0.296174
13954,0.427067
13958,0.912544
13969,0.709197
13980,0.246861
13981,0.445525
13986,0.334849
13987,0.315
13989,0.671199
13992,0.424128
13994,0.388591
14001,0.813369
14002,0.399041
14004,0.372614
14006,0.361586
14012,0.748246
14021,0.462732
14024,0.976081
14045,0.233253
14047,0.763138
14057,0.397596
14059,0.37808
14060,0.320207
14068,0.393789
14070,0.451014
14074,0.445843
14076,0.62484
14089,0.258825
14115,0.378717
14116,0.336022
14128,0.556295
14131,0.383553
14134,0.706353
14137,0.572275
14138,0.354124
14139,0.796338
14152,0.585104
14153,0.98754
14155,0.425494
14156,0.865108
14164,0.368617
14165,0.591965
14171,0.349548
14174,0.238229
14181,0.402192
14186,0.835146
14192,0.538207
14201,0.656682
14210,0.849302
14214,0.221762
14231,0.386058
14236,0.361538
14241,0.425792
14245,0.401499
14249,0.232842
14251,0.341723
14262,0.370653
14265,0.330139
14267,0.490301
14270,0.913607
14276,0.685969
14279,0.641951
14281,0.267185
14289,0.325091
14290,0.391436
14293,0.738516
14295,0.73289
14297,0.278964
14298,0.403908
14310,0.279664
14312,0.827415
14315,0.854051
14318,0.550954
14319,0.521356
14325,0.649848
14331,0.39074
14334,0.252588
14341,0.486538
14343,0.946757
14344,0.341015
14346,0.519241
14347,0.30663
14349,0.340159
14352,0.248353
14358,0.297297
14361,0.502407
14363,0.780452
14374,0.528627
14376,0.467141
14381,0.53999
14398,0.394869
14410,0.389284
14412,0.379707
14415,0.437641
14423,0.513012
14425,0.467081
14436,0.316381
14444,0.269446
14455,0.657091
14465,0.40746
14469,0.409945
14471,0.261862
14475,0.41614
14479,0.344085
14480,0.356864
14488,0.479815
14491,0.699231
14501,0.356306
14520,0.76289
14522,0.58733
14523,0.277848
14537,0.557268
14538,0.621458
14550,0.311242
14561,0.388629
14575,0.322775
14586,0.372057
14592,0.398052
14601,0.807964
14602,0.327251
14604,0.421172
14606,0.339026
14627,0.334598
14641,0.51856
14652,0.290579
14662,0.680179
14665,0.438691
14673,0.493226
14675,0.345117
14679,0.743601
14683,0.367291
14686,0.408777
14705,0.46098
14708,0.430793
14709,0.688732
14710,0.32405
14715,0.517051
14717,0.421428
14723,0.371798
14725,0.265555
14727,0.645686
14728,0.27594
14735,0.306002
14746,0.360991
14752,0.367588
14757,0.213998
14762,0.24747
14763,0.319142
14797,0.321264
14812,0.264155
14818,0.79612
14825,0.424411
14827,0.382548
14829,0.299345
14830,0.400902
14837,0.358307
14849,0.407294
14863,0.370853
14869,0.405307
14882,0.207974
14884,0.773317
14886,0.713921
14888,0.755385
14890,0.215716
14904,0.231505
14938,0.344999
14952,0.145703
14958,0.688237
14963,0.279262
14979,0.29682
14980,0.228453
14986,0.503761
14988,0.429368
15003,0.263671
15006,0.696757
15009,0.931576
15015,0.668096
15024,0.422941
15030,0.765529
15036,0.319466
15038,0.679599
15039,0.434607
15047,0.787912
15049,0.318179
15056,0.8921
15068,0.322053
15070,0.354121
15073,0.225435
15081,0.382721
15084,0.205359
15088,0.883542
15092,0.237793
15095,0.292866
15097,0.341549
15098,0.505451
15115,0.534945
15120,0.811637
15126,0.236432
15133,0.589478
15143,0.395391
15156,0.505716
15164,0.19068
15178,0.373148
15198,0.823262
15200,0.791752
15208,0.0113442
15214,0.37809
15218,0.813604
15231,0.263763
15238,0.33761
15239,0.31684
15240,0.369569
15249,0.222723
15256,0.39149
15260,0.741022
15290,0.355704
15307,0.956279
15308,0.704893
15321,0.671006
15323,0.594011
15325,0.288345
15342,0.673007
15346,0.335421
15349,0.31074
15354,0.416986
15362,0.41822
15379,0.250094
15383,0.37959
15394,0.488567
15401,0.609082
15405,0.380601
15407,0.362091
15412,0.501279
15413,0.620466
15415,0.64431
15427,0.761188
15430,0.704134
15436,0.634797
15439,0.26725
15443,0.351185
15444,0.839634
15445,0.851303
15450,0.316423
15456,0.895511
15465,0.280995
15466,0.232677
15470,0.345503
15474,0.590095
15476,0.413831
15482,0.289133
15492,0.329296
15510,0.509917
15519,0.449693
15523,0.129015
15535,0.634692
15561,0.897268
15564,0.850294
15566,0.261796
15579,0.335999
15580,0.573647
15581,0.354062
15587,0.428138
15589,0.34722
15591,0.309441
15597,0.37466
15620,0.76122
15627,0.573128
15636,0.699278
15653,0.346387
15662,0.865099
15664,0.311751
15666,0.519606
15667,0.229616
15674,0.802289
15692,0.238786
15715,0.137552
15736,0.50961
15744,0.751527
15746,0.281253
15758,0.446387
15760,0.211289
15766,0.306802
15767,0.272866
15789,0.666212
15810,0.297243
15818,0.258464
15820,0.253426
15830,0.439854
15844,0.430615
15850,0.169689
15857,0.352247
15863,0.929168
15869,0.29999
15872,0.252813
15873,0.423327
15884,0.172011
15885,0.675793
15891,0.705713
15898,0.349695
15900,0.248813
15932,0.32053
15940,0.341714
15944,0.197321
15945,0.304851
15963,0.771066
15970,0.235029
15977,0.38704
15982,0.265925
15985,0.445889
15995,0.426651
16004,0.238662
16005,0.381499
16011,0.291504
16019,0.715281
16021,0.361775
16051,0.696723
16065,0.385345
16066,0.2053
16076,0.394612
16091,0.316517
16094,0.42986
16101,0.295444
16104,0.719893
16113,0.763784
16114,0.495392
16115,0.769923
16127,0.730787
16128,0.400556
16138,0.705715
16139,0.726763
16142,0.360995
16144,0.557145
16148,0.791837
16151,0.395795
16156,0.455662
16165,0.611579
16166,0.225255
16179,0.838017
16193,0.537218
16196,0.435888
16198,0.338105
16210,0.569117
16232,0.451212
16237,0.290183
16240,0.484503
16252,0.552235
16259,0.320385
16262,0.402535
16263,0.337869
16270,0.430307
16272,0.306156
16290,0.300743
16295,0.946829
16297,0.41743
16299,0.288712
16300,0.303694
16302,0.328944
16303,0.506831
16305,0.748248
16309,0.363971
16312,0.404228
16320,0.303208
16326,0.281047
16327,0.38477
16338,0.326904
16342,0.276374
16346,0.433508
16348,0.387563
16355,0.477691
16356,0.521182
16378,0.699789
16382,0.222293
16391,0.355451
16392,0.368259
16395,0.750436
16399,0.294324
16403,0.351809
16408,0.305427
16413,0.323121
16415,0.262502
16417,0.626741
16420,0.32118
16431,0.236485
16439,0.591942
16444,0.729254
16446,-0.0378654
16451,0.489975
16454,0.228234
16461,0.353422
16462,0.389602
16469,0.364382
16484,0.344495
16486,0.724427
16487,0.330882
16491,0.406679
16494,0.409914
16507,0.546066
16508,0.281583
16519,0.317096
16523,0.217655
16526,0.737178
16530,0.371628
16532,0.80853
16542,0.309733
16550,0.728213
16555,0.409487
16558,0.357196
16567,0.797068
16576,0.354648
16579,0.353565
16595,0.564037
16598,0.229258
16600,0.338461
16604,0.770811
16605,0.716837
16607,0.517353
16610,0.371085
16612,0.856348
16617,0.62062
16625,0.699455
16632,0.564904
16634,0.599259
16650,0.213768
16654,0.369275
16655,0.373157
16656,0.376371
16657,0.451952
16660,0.39892
16662,0.57324
16669,0.406391
16675,0.681029
16676,0.281724
16678,0.426047
16679,0.379315
16693,0.285468
16701,0.183286
16715,0.343404
16722,0.642016
16724,0.537028
16727,0.58842
16735,0.509076
16741,0.283561
16752,0.207481
16758,0.324999
16765,0.351802
16771,0.324565
16785,0.0252916
16793,0.610498
16800,0.386711
16805,0.252154
16809,0.246665
16820,0.544643
16827,0.476273
16830,0.438097
16843,0.987392
16847,0.248303
16855,0.73043
16860,0.680517
16862,0.86273
16863,0.315804
16872,0.229101
16874,0.319452
16876,0.335751
16893,0.32865
16895,0.38195
16914,0.603387
16917,0.380757
16926,0.416235
16930,0.521725
16931,0.294794
16932,0.257702
16934,0.336991
16937,0.381686
16941,0.305324
16942,1.07968
16957,0.381426
16962,0.607319
16967,0.742862
16968,0.800262
16972,0.37263
16974,0.221568
16984,0.33736
16987,0.297086
16994,0.777629
16995,0.647333
16999,0.364264
17034,0.552021
17038,0.340723
17040,0.316427
17050,0.262056
17068,0.29604
17077,0.280519
17079,0.725698
17082,0.593226
17085,0.676978
17087,0.4131
17099,0.820006
17105,0.311243
17108,0.272419
17110,0.292563
17111,0.342668
17123,0.450104
17124,0.39985
17130,0.502226
17138,0.30917
17143,0.768158
17157,0.305313
17160,0.762745
17166,0.420727
17167,0.243723
17179,0.479557
17180,0.261083
17189,0.744178
17197,0.749597
17219,0.601985
17223,0.33446
17225,0.819129
17229,0.737195
17234,0.3678
17235,0.317092
17239,0.395238
17242,0.354696
17243,0.401831
17246,0.654045
17247,0.274831
17255,0.294345
17258,0.517799
17260,0.469513
17264,0.486895
17270,0.457836
17271,0.468851
17272,0.359634
17285,0.36746
17294,0.327578
17297,0.32052
17298,0.653855
17299,0.308281
17306,0.244716
17324,0.277169
17326,0.283188
17330,0.368195
17345,0.477569
17351,0.823987
17352,0.207891
17372,0.240193
17381,0.637754
17385,0.667893
17388,0.258505
17390,0.587765
17392,0.61834
17399,0.19155
17404,0.336882
17407,0.194067
17408,0.584017
17416,0.64317
17418,0.331271
17434,0.791594
17438,0.625171
17443,0.826973
17444,0.315392
17453,0.50625
17460,0.510684
17467,0.336969
17480,0.456078
17488,0.581994
17490,0.383296
17493,0.365178
17498,0.361756
17503,0.349393
17513,0.340476
17520,0.587187
17525,0.513652
17534,0.221689
17545,0.539598
17553,0.358811
17554,0.367981
17557,0.35269
17563,0.62212
17576,0.402192
17577,0.366047
17580,0.753729
17582,0.340589
17596,0.395229
17597,0.340742
17602,0.692043
17614,0.594931
17623,0.575446
17624,0.656531
17627,0.587489
17628,0.289647
17630,0.365552
17634,0.890989
17640,0.318837
17652,0.442589
17657,0.311988
17661,0.269803
17662,0.460264
17666,0.395039
17682,0.688586
17688,0.540213
17693,0.490713
17705,0.328061
17711,0.337978
17715,0.3281
17717,0.367465
17721,0.24422
17728,0.167651
17737,0.31873
17745,0.338621
17755,0.264971
17764,0.822063
17774,0.35786
17785,0.248712
17786,0.719135
17789,0.406341
17802,0.453512
17810,0.661173
17819,0.841061
17825,0.272187
17828,0.324145
17833,0.267337
17841,0.700469
17842,0.419499
17844,0.257622
17849,0.381361
17855,0.396782
17857,0.893196
17861,0.287955
17863,0.316607
17868,0.40932
17876,0.5835
17882,0.253703
17885,0.33846
17893,0.401537
17894,0.269936
17902,0.816968
17906,0.442261
17911,0.53516
17917,0.308215
17921,0.243193
17941,0.317509
17945,0.217424
17949,0.282468
17954,0.378424
17957,0.325617
17958,0.677337
17960,0.283216
17985,0.620916
18000,0.43875
18002,0.56565
18008,0.101189
18014,0.425168
18015,0.777613
18019,0.245227
18021,0.384604
18026,0.256805
18029,0.399518
18034,0.621307
18035,0.355366
18036,0.420293
18039,0.68515
18066,0.338824
18076,0.386933
18089,0.303482
18104,0.352682
18110,0.312747
18129,0.619052
18131,0.717326
18133,0.308695
18136,0.210517
18148,0.497748
18152,0.046598
18167,0.902
18177,0.29028
18178,0.346246
18183,0.307821
18194,0.561255
18197,0.715469
18213,0.203653
18214,0.26757
18221,0.215018
18227,0.229834
18239,0.819453
18245,0.346992
18266,0.260491
18267,0.542243
18274,0.134981
18283,0.383075
18297,0.133641
18302,0.205002
18303,0.715679
18315,0.362436
18324,0.253964
18326,0.784288
18334,0.236858
18336,0.255734
18344,0.394554
18346,0.371432
18347,0.268712
18350,0.260516
18352,0.405391
18364,0.538442
18366,0.3991
18373,0.290467
18391,0.314379
18393,0.222092
18395,0.618297
18400,0.639822
18408,0.335611
18421,0.490298
18425,0.651058
18443,0.231998
18451,0.282733
18456,0.322866
18458,0.654197
18460,0.3169
18467,0.488146
18468,0.438275
18475,0.420017
18485,0.22109
18494,0.640453
18495,0.907537
18508,0.634287
18530,0.413838
18533,0.356887
18547,0.213686
18548,0.305504
18553,0.380406
18561,0.348783
18565,0.83426
18572,0.286441
18593,0.372338
18600,0.294567
18621,0.466918
18629,0.725893
18637,0.301634
18649,0.263406
18653,0.688828
18660,0.106379
18671,0.177934
18672,0.176261
18677,0.24159
18681,0.835176
18684,0.92905
18686,0.314961
18689,0.221308
18690,0.409904
18709,0.470906
18716,0.775787
18723,0.578089
18773,0.251932
18782,0.402559
18797,0.68955
18810,0.346583
18817,0.616273
18820,0.794906
18825,0.316056
18837,0.539977
18850,0.666567
18857,0.30781
18861,0.565307
18867,0.344967
18870,0.0987242
18877,0.6184
18887,0.356342
18898,0.274624
18900,0.522911
18914,0.402901
18921,0.452126
18922,0.523743
18945,0.349108
18947,0.598739
18953,0.337014
18954,0.290529
18957,0.499885
18960,0.697708
18973,0.217026
18983,0.484765
18990,0.16281
18991,0.162816
18993,0.354274
18995,0.247012
18996,0.295015
19003,0.262026
19014,0.371592
19015,0.319035
19019,0.631483
19028,0.380148
19038,0.49326
19040,0.451225
19046,0.309059
19051,0.329708
19054,0.842517
19056,0.35815
19074,0.353854
19085,0.676647
19099,0.888193
19124,0.218403
19134,0.476722
19141,0.179964
19146,0.554434
19150,0.162227
19170,0.124224
19176,0.35212
19187,0.467263
19189,0.412617
19202,0.626625
19208,0.299232
19209,0.278711
19210,0.781191
19216,0.336302
19217,0.228911
19218,0.665546
19223,0.346561
19240,0.162873
19246,0.317285
19269,0.625758
19275,0.710453
19287,0.282581
19298,0.373391
19303,0.317638
19313,0.555463
19325,0.278364
19326,0.368161
19328,0.48808
19330,0.379767
19340,0.501648
19342,0.345675
19343,0.342554
19344,0.479144
19363,0.257944
19364,0.472366
19371,0.230621
19376,0.37078
19377,0.427647
19381,0.387654
19384,0.567901
19390,0.48135
19402,0.288871
19405,0.26951
19409,0.148838
19418,0.724225
19429,0.537271
19446,0.607071
19458,0.660816
19460,0.674493
19462,0.733524
19465,0.312744
19472,0.416551
19480,0.36827
19503,0.810293
19507,0.593454
19517,0.458069
19533,0.407987
19537,0.235706
19541,0.342149
19563,0.298515
19566,0.765983
19568,0.567694
19576,0.373722
19591,0.348428
19597,0.785887
19619,0.523276
19622,0.766249
19623,0.4408
19624,0.337807
19627,0.472719
19629,0.257561
19633,0.283973
19639,0.253486
19641,0.242832
19643,0.325123
19649,0.240134
19652,0.759181
19657,0.339839
19660,0.697117
19668,0.985329
19678,0.287757
19686,0.607158
19690,0.256245
19694,0.440336
19695,0.331196
19702,0.719536
19712,0.488156
19720,0.751955
19735,0.665759
19739,0.377689
19740,0.600944
19743,0.365512
19750,0.409894
19752,0.630789
19754,0.342342
19762,0.58109
19770,0.302872
19775,0.47287
19777,0.342892
19782,0.340617
19783,0.758174
19786,0.294495
19805,0.300555
19808,0.296333
19819,0.734051
19821,0.359176
19827,0.316468
19830,0.479191
19832,0.466508
19833,0.226459
19834,0.277264
19843,0.381341
19844,0.251411
19846,0.285608
19847,0.411484
19850,0.881612
19851,0.208875
19861,0.671027
19873,0.678676
19878,0.374512
19886,0.197291
19892,0.61801
19901,0.205049
19902,0.650626
19920,0.621855
19921,0.228198
19922,0.24714
19929,0.841438
19932,0.508779
19935,0.381918
19936,0.691372
19946,0.884902
19950,0.486425
19952,0.530905
19955,0.468638
19976,0.260841
19983,0.539609
19987,0.216867
19991,0.779872
19996,0.784562
20007,0.63765
20015,0.343513
20019,0.297868
20023,0.350363
20034,0.360029
20036,0.357318
20038,0.257292
20039,0.459863
20040,0.597125
20045,0.505373
20046,0.63051
20048,0.361743
20060,0.398047
20068,0.158349
20074,0.738949
20111,0.262252
20117,0.279849
20125,0.43302
20129,0.674579
20134,0.436457
20135,0.212132
20139,0.299015
20142,0.514849
20147,0.60757
20154,0.694887
20157,0.188566
20169,0.152179
20179,0.187856
20202,0.226812
20207,0.458553
20215,0.372997
20216,0.778518
20217,0.768229
20218,0.727287
20219,0.591422
20226,0.282941
20236,0.0526746
20239,0.304627
20246,0.26788
20247,0.31453
20253,0.666947
20255,0.190868
20268,0.438904
20270,0.775154
20271,0.38006
20279,0.360951
20282,0.646527
20295,0.289866
20302,0.330346
20305,0.825279
20306,0.804382
20308,0.256803
20330,0.674554
20335,0.563671
20344,0.298466
20349,0.856882
20360,0.360718
20362,0.644537
20378,0.397245
20394,0.201232
20397,0.719657
20403,0.211812
20405,0.595853
20415,0.268577
20417,0.309176
20420,0.286368
20425,0.453729
20430,0.756383
20435,0.594371
20443,0.422086
20446,0.474367
20458,0.260153
20459,0.656105
20467,0.26912
20470,0.742174
20482,0.614348
20489,0.615794
20495,0.248979
20496,0.346499
20497,0.742234
20505,0.438782
20509,0.718335
20535,0.326032
20539,0.776717
20544,0.630613
20547,0.351314
20556,0.102503
20557,0.509675
20575,0.362181
20577,0.291999
20596,0.289279
20597,0.450108
20602,0.434336
20603,0.386665
20609,0.767679
20618,0.343804
20621,0.617831
20628,0.1996
20634,0.520401
20637,0.367123
20641,0.279048
20642,0.486365
20647,0.391248
20655,0.632149
20656,0.190721
20661,0.243964
20664,0.748883
20674,0.742292
20679,0.744682
20680,0.319059
20683,0.930433
20687,0.350354
20688,0.828247
20695,0.362995
20696,0.334535
20699,0.334245
20701,0.249705
20702,0.222768
20704,0.244732
20721,0.394567
20725,0.413313
20731,0.322583
20741,0.384221
20742,0.269745
20753,0.361178
20756,0.316584
20769,0.27447
20771,0.279279
20774,0.243574
20777,0.421679
20781,0.375002
20797,0.575586
20808,0.401317
20810,0.556012
20820,0.446603
20823,0.903316
20829,0.759725
20832,0.315722
20833,0.401588
20837,0.208148
20838,0.211353
20839,0.227446
20847,0.333824
20861,0.242578
20869,0.955348
20875,0.181499
20877,0.43697
20889,0.373497
20894,0.680909
20901,0.800064
20919,0.301572
20923,0.363742
20935,0.746203
20937,0.134889
20939,0.706104
20940,0.311415
20943,0.230199
20946,0.810229
20950,0.601371
20961,0.839799
20965,0.351029
20967,0.593139
20969,0.193336
20970,0.373574
20975,0.540666
20987,0.54241
20995,0.6285
20998,0.696141
21002,0.328135
21012,0.691377
21013,0.68092
21015,0.316423
21017,0.248496
21020,0.277856
21028,0.135153
21031,0.340388
21036,0.264606
21040,0.270012
21048,0.479638
21049,0.260505
21051,0.430913
21070,0.160119
21072,0.461313
21079,0.501443
21090,0.453956
21093,0.30934
21104,0.193663
21114,0.295626
21117,0.246518
21120,0.219152
21121,0.323162
21132,0.257766
21136,0.441472
21139,0.572327
21140,0.316484
21146,0.574263
21150,0.377563
21178,0.565531
21180,0.751516
21198,0.359477
21203,0.328936
21210,0.395669
21218,0.395311
21220,0.294948
21222,0.106603
21228,0.564052
21236,0.554273
21239,0.215648
21260,0.323542
21267,0.161631
21271,0.260902
21279,0.245299
21286,0.317356
21288,0.380836
21294,0.531471
21298,0.259391
21299,0.542357
21300,0.63454
21304,0.378933
21307,0.33019
21309,0.187239
21311,0.22598
21331,0.26542
21332,0.825729
21342,0.48766
21345,0.605484
21348,0.726394
21353,0.421324
21357,0.271319
21369,0.355115
21370,0.46744
21371,0.354034
21373,0.233569
21385,0.522607
21392,0.329378
21401,0.406852
21403,0.17442
21406,0.481504
21413,0.4786
21414,0.556805
21416,0.576482
21423,0.614174
21442,0.49595
21443,0.178145
21448,0.494658
21459,0.553912
21467,0.253729
21474,0.407769
21484,0.500052
21488,0.729644
21495,0.233135
21498,0.305526
21502,0.221624
21503,0.486342
21510,0.597338
21516,0.77065
21533,0.694114
21535,0.326095
21539,0.159888
21541,0.257687
21544,0.471814
21554,0.69947
21569,0.201234
21572,0.328905
21578,0.301104
21580,0.342784
21584,0.200871
21589,0.77738
21595,0.260249
21598,0.450139
21599,0.261211
21606,0.233274
21623,0.308657
21639,0.689006
21641,0.29517
21645,0.17492
21647,0.378844
21648,0.0719208
21657,0.426635
21671,0.282694
21673,0.190215
21678,0.209908
21696,0.459169
21699,0.379082
21700,0.235866
21703,0.274041
21710,0.259892
21721,0.264715
21727,0.340371
21728,0.814881
21731,0.360591
21741,0.328492
21744,0.814404
21748,0.2472
21753,0.209977
21756,0.377899
21763,0.312459
21767,0.202156
21772,0.688381
21774,0.463245
21775,0.533288
21780,0.438745
21787,0.391826
21805,0.213855
21828,0.253903
21831,0.328196
21837,0.252018
21842,0.460491
21849,0.264027
21856,0.337084
21858,0.274312
21862,0.18326
21864,0.208329
21867,0.279326
21879,0.376162
21881,0.298785
21883,0.267806
21891,0.579867
21892,0.330368
21902,0.151017
21909,0.269772
21914,0.24678
21918,0.213901
21919,0.270614
21926,0.269474
21930,0.490657
21934,0.560737
21940,0.267868
21945,0.219178
21948,0.764307
21953,0.220647
21954,0.18734
21956,0.387563
21963,0.553295
21970,0.281591
21984,0.230549
21997,0.28964
21999,0.222453
22001,0.287153
22002,0.195984
22010,0.259881
22013,0.109295
22022,0.301319
22024,0.253319
22028,0.237342
22029,0.700537
22045,0.271135
22049,0.183024
22064,0.593486
22069,0.374678
22074,0.249711
22082,0.193217
22084,0.260541
22090,0.574285
22096,0.516728
22100,0.220126
22105,0.320396
22119,0.320261
22130,0.283132
22152,0.688507
22155,0.268421
22164,0.196628
22173,0.349519
22194,0.554798
22209,0.154601
22217,0.0386223
22220,0.252487
22222,0.68174
22244,0.242696
22245,0.172951
22250,0.371081
22256,0.688145
22261,0.793897
22264,0.288173
22270,0.319313
22279,0.736378
22280,0.25942
22284,0.221138
22288,0.23128
22293,0.345776
22297,0.921819
22307,0.231255
22310,0.13795
22319,0.518725
22324,0.147951
22326,0.117686
22327,0.127627
22329,0.260255
22331,0.71163
22340,0.476408
22342,0.486833
22347,0.393577
22351,0.492527
22357,0.368794
22361,0.299222
22371,0.463137
22373,0.340269
22391,0.507906
22404,0.793951
22409,0.502399
22411,0.243195
22428,0.549538
22436,0.546909
22444,0.752538
22445,0.268986
22451,0.219196
22463,0.343186
22464,0.218541
22467,0.642041
22472,0.262487
22485,0.844671
22497,0.288685
22504,0.541716
22508,0.33591
22516,0.347383
22522,0.272944
22527,0.485595
22543,0.711909
22549,0.266622
22551,0.311494
22557,0.512547
22562,0.254989
22567,0.195942
22572,0.275115
22575,0.29725
22578,0.357954
22579,0.351585
22580,0.296199
22581,0.235076
22591,0.663319
22593,0.21925
22597,0.175585
22600,0.383209
22602,0.30883
22603,0.310498
22616,0.533278
22617,0.244012
22622,0.448985
22623,0.326189
22624,0.677927
22628,0.245848
22640,0.178283
22641,0.405583
22653,0.53815
22660,0.208497
22672,0.526631
22674,0.323071
22689,0.263428
22698,0.375332
22705,0.564712
22709,0.781091
22711,0.143108
22714,0.599133
22715,0.246976
22729,0.354345
22730,0.337635
22733,0.14962
22750,0.18027
22754,0.590935
22756,0.538828
22758,0.3993
22767,0.641311
22768,0.394188
22769,0.57137
22776,0.089273
22778,0.246275
22780,0.665231
22789,0.339304
22797,0.458611
22799,0.571918
22814,0.184837
22818,0.576109
22821,0.432667
22823,0.340587
22841,0.205665
22847,0.601316
22848,0.449495
22862,0.258348
22875,0.780172
22877,0.727691
22887,0.237154
22892,0.190519
22899,0.710641
22901,0.675026
22907,0.381176
22909,0.461047
22926,0.41044
22927,0.43887
22930,0.412535
22934,0.429506
22937,0.598806
22939,0.641466
22949,0.430281
22951,0.452421
22955,0.142622
22965,0.832576
22966,0.651687
22968,0.913037
22972,0.374103
22975,0.340219
22981,0.493899
22988,0.323629
22994,0.278197
22996,0.744996
23011,0.635349
23028,0.387721
23031,0.318792
23035,0.289593
23038,0.399036
23042,0.311704
23049,0.869178
23051,0.92596
23053,0.345237
23057,0.793333
23058,0.417947
23063,0.396996
23064,0.380652
23067,0.27567
23071,0.311595
23075,0.334787
23077,0.722085
23090,0.513778
23094,0.492596
23097,0.394323
23103,0.198063
23107,0.629287
23117,0.347839
23122,0.372374
23124,0.181481
23126,0.371999
23129,0.69266
23136,0.426868
23141,0.275023
23142,0.443456
23147,0.314329
23154,0.382886
23159,0.289504
23165,0.327938
23171,0.657735
23173,0.0558648
23175,0.361038
23179,0.932804
23182,0.773187
23185,0.386016
23188,0.344446
23189,0.434594
23209,0.366158
23214,0.377479
23215,0.522585
23233,0.369519
23241,0.351935
23252,0.366415
23255,0.377522
23263,0.315767
23281,0.391263
23282,0.266652
23289,0.267485
23292,0.251604
23296,0.32382
23297,0.280844
23301,0.381681
23302,0.272889
23304,0.30839
23309,0.194369
23312,0.425287
23316,0.415257
23321,0.299633
23342,0.308154
23344,0.293114
23350,0.207231
23367,0.658134
23368,0.354092
23374,0.344184
23387,0.239739
23389,0.691833
23399,0.739632
23403,0.777907
23406,0.93125
23414,0.246923
23415,0.292105
23419,0.649296
23436,0.344045
23439,0.829312
23444,0.457462
23445,0.355047
23455,0.233687
23469,0.263126
23472,0.202094
23477,0.269381
23478,0.583546
23479,0.357427
23487,0.433608
23490,0.233188
23491,0.68789
23492,0.227784
23494,0.338925
23496,0.281399
23497,0.298068
23506,0.280253
23515,0.329178
23528,0.348025
23532,0.363095
23549,0.601743
23551,0.23562
23552,0.225029
23555,0.369761
23556,0.356721
23564,0.688395
23583,0.426363
23592,0.436384
23597,0.974074
23601,0.287423
23605,0.705052
23615,0.257014
23619,0.640904
23621,0.913288
23626,0.719237
23635,0.471433
23637,0.376541
23640,0.259669
23646,0.274174
23655,0.417698
23672,0.696579
23673,0.321358
23682,0.265622
23683,0.452102
23699,0.28384
23704,0.627891
23707,0.916147
23713,0.338261
23714,0.180914
23716,0.344929
23718,0.714349
23721,0.217561
23735,0.340525
23737,0.358945
23744,0.332094
23749,0.66238
23755,0.285021
23769,0.667235
23772,0.40515
23773,0.262854
23774,0.701528
23779,0.329257
23782,0.463182
23793,0.318517
23803,0.910915
23828,0.648025
23833,0.620531
23834,0.81158
23844,0.377275
23845,0.710864
23852,0.752302
23855,0.669385
23867,0.338338
23872,0.689924
23874,0.45906
23880,0.317705
23886,0.225397
23898,0.31019
23900,0.307159
23903,0.292436
23907,0.211138
23908,0.820199
23912,0.290183
23916,0.247457
23917,0.374245
23918,0.406424
23922,0.357875
23928,0.22411
23940,0.632556
23944,0.320477
23945,0.404139
23951,0.186146
23966,0.279561
23970,0.187531
23971,0.367742
23976,0.604348
23980,0.2744
23987,0.932783
23988,0.348265
23993,0.395572
23997,0.268164
23998,0.311612
23999,0.824747
24010,0.602827
24015,0.651358
24023,0.353002
24033,0.394634
24046,0.640843
24060,0.392557
24062,0.337922
24065,0.623662
24070,0.28107
24071,0.198785
24073,0.317791
24079,0.388549
24082,0.926574
24084,0.381525
24089,0.419389
24094,0.49545
24100,0.341961
24105,0.269819
24106,0.0626897
24108,0.693607
24111,0.885955
24120,0.308889
24125,0.593978
24134,0.65807
24140,0.395768
24151,0.308805
24153,0.251469
24154,0.428986
24161,0.340378
24166,0.348107
24170,0.572528
24176,0.212965
24182,0.860666
24188,0.401062
24190,0.38409
24201,0.986946
24211,0.918574
24215,0.749181
24216,0.9383
24219,0.291732
24222,0.702286
24240,1.00001
24243,0.31676
24245,0.332548
24251,0.219642
24256,1.01612
24258,0.269606
24261,0.412388
24263,0.377936
24264,0.327324
24266,0.284161
24273,0.345386
24278,0.376151
24289,0.945431
24292,0.389112
24293,0.334282
24298,0.985248
24299,0.409508
24303,0.642834
24304,0.340407
24305,0.370256
24329,0.357534
24341,0.273855
24345,0.731214
24353,0.389309
24358,0.976276
24364,0.666331
24367,0.371835
24370,0.598402
24377,0.410392
24380,0.385983
24381,0.351777
24387,0.370635
24391,0.435871
24409,0.989466
24413,0.347235
24416,0.400253
24427,0.564561
24439,0.155159
24443,0.397826
24448,0.285625
24454,0.757972
24455,0.493539
24461,0.264726
24464,0.471944
24468,0.277855
24469,0.239057
24501,0.376052
24508,0.405514
24519,0.410069
24520,0.944088
24538,0.534784
24540,0.720575
24550,0.442337
24552,0.268539
24561,0.221072
24577,0.411579
24579,0.417888
24580,0.396735
24582,0.473651
24591,0.68222
24592,0.316747
24599,0.832556
24602,0.460132
24606,0.258888
24617,0.276772
24619,0.80718
24630,0.163855
24633,0.862352
24634,0.684556
24638,0.357735
24641,0.470846
24644,0.459792
24645,0.869643
24656,0.287224
24661,0.363363
24663,0.75727
24667,0.379767
24669,0.707161
24682,0.372146
24698,0.278523
24699,0.711933
24702,0.346695
24703,0.527289
24717,0.37076
24724,0.944487
24731,0.389706
24737,0.250058
24740,0.327675
24743,0.287568
24744,1.00849
24755,0.60689
24757,0.264824
24765,0.489526
24766,0.308308
24776,0.739516
24787,0.980894
24789,0.394649
24791,0.222947
24792,0.415836
24804,0.0719639
24812,0.456101
24816,0.413529
24817,0.399654
24820,0.738063
24828,0.392134
24832,0.321548
24836,0.365163
24842,0.729099
24846,0.30257
24847,0.246125
24848,0.986709
24851,0.713267
24855,0.704205
24856,0.403751
24871,0.576664
24874,0.334355
24877,0.404995
24889,0.370353
24897,0.294807
24899,0.765424
24908,0.420922
24913,0.757687
24923,0.382136
24933,0.350182
24971,0.261333
24973,0.964272
24993,0.632743
24998,0.540596
25000,0.953569
25001,0.929203
25002,0.2954
25003,0.980957
25009,0.360088
25024,0.273761
25026,0.337665
25027,0.900723
25034,0.221947
25050,0.447806
25057,0.363458
25067,0.615216
25075,0.395319
25081,0.409232
25085,0.404545
25093,0.293919
25097,0.400789
25103,0.402738
25104,0.602702
25109,0.418496
25112,0.813182
25113,0.36857
25114,0.313496
25119,0.24831
25121,0.335923
25122,0.986819
25124,0.682516
25131,0.269051
25134,0.844316
25144,0.214951
25147,0.747441
25148,0.607692
25149,0.458282
25155,0.596859
25169,0.783492
25177,0.719556
25178,0.39993
25179,0.474376
25180,0.740324
25191,0.607735
25199,0.378766
25232,0.387059
25241,0.337613
25242,0.821005
25243,0.228718
25246,0.313655
25259,0.694787
25265,0.684986
25278,0.720013
25280,0.287301
25284,0.352809
25286,0.713845
25288,0.361893
25318,0.95688
25330,0.667108
25333,0.443609
25339,0.285187
25340,0.693507
25346,0.307821
25349,0.817058
25351,0.37152
25361,0.682135
25366,0.401282
25368,0.955558
25369,0.452715
25370,0.401438
25375,0.126658
25376,0.744755
25377,0.353391
25379,0.414593
25382,0.597018
25386,0.592795
25389,0.582528
25399,0.444559
25400,1.00292
25401,0.661028
25407,0.270992
25409,0.254287
25412,0.374794
25416,0.354923
25418,0.640049
25423,0.256315
25436,0.351204
25439,0.320867
25442,0.317025
25445,0.950928
25446,0.389978
25453,0.356354
25456,0.55399
25458,0.344935
25460,0.367768
25461,0.302462
25468,0.978212
25470,0.394428
25471,0.32379
25482,0.44707
25501,0.874434
25504,0.692739
25515,0.286883
25518,0.521957
25528,0.460284
25533,0.317924
25543,0.297717
25548,0.435101
25564,0.303938
25572,0.735951
25576,0.279134
25577,0.409621
25587,0.381229
25591,0.388296
25596,0.29812
25598,0.298648
25617,0.3578
25618,0.903676
25620,0.363778
25623,0.31612
25626,0.498627
25628,0.330816
25633,0.490933
25637,0.437912
25644,0.16037
25662,0.311532
25663,0.418729
25673,0.508331
25678,0.240445
25685,0.338961
25691,0.302183
25706,0.399491
25707,0.336856
25723,0.424344
25725,0.359019
25735,0.67081
25740,0.39785
25759,0.276163
25761,0.792756
25769,0.29626
25774,0.300258
25779,0.627159
25781,0.431413
25784,0.909492
25790,0.817077
25796,0.406328
25816,0.306149
25847,0.355373
25850,0.370813
25852,0.822749
25856,0.34129
25866,0.422324
25867,0.708575
25868,0.363654
25869,0.596292
25877,0.756993
25878,0.39336
25890,0.569865
25898,0.917128
25899,0.306478
25906,1.05108
25907,0.733715
25915,0.893241
25932,0.716769
25939,0.458577
25946,0.700225
25951,0.637099
25959,0.402807
25961,0.362438
25964,0.352286
25969,0.395882
25980,0.258639
25986,0.366985
25992,0.21113
25998,0.286152
26000,0.292166
26006,0.436946
26009,0.322782
26016,0.633037
26023,0.979824
26038,0.551898
26041,0.273404
26050,0.364404
26051,0.981448
26057,0.437582
26060,0.0593868
26062,0.37375
26067,0.98923
26068,0.349256
26072,0.440154
26074,0.807648
26075,0.283661
26081,0.677409
26108,0.713686
26112,0.972511
26113,0.221143
26115,0.506478
26122,0.355768
26139,0.342439
26162,0.375438
26165,0.532463
26173,0.333353
26177,0.349792
26179,0.298332
26184,0.255472
26190,0.42241
26204,0.351346
26205,0.0570809
26212,0.814695
26215,0.264504
26227,0.867898
26232,0.688632
26237,0.468142
26246,0.492635
26248,0.713092
26249,0.404428
26260,0.393774
26263,0.283921
26267,0.911962
26269,0.388702
26271,0.729245
26273,0.675334
26286,0.292008
26297,0.281267
26309,0.450613
26313,0.357724
26319,0.467798
26329,0.337218
26330,0.735532
26333,0.384724
26361,0.887204
26366,0.598362
26376,0.96279
26378,0.56715
26382,0.356237
26389,0.34107
26391,0.378304
26401,0.76741
26415,0.268119
26419,0.740126
26421,0.983894
26422,0.406066
26423,0.696346
26424,0.490124
26441,0.852415
26442,0.347677
26446,0.794298
26447,0.385144
26448,0.296168
26451,0.363244
26459,0.326559
26465,0.0973817
26476,0.278848
26481,0.319414
26487,0.897656
26501,0.290356
26513,0.781267
26517,0.31983
26527,0.746134
26534,0.803581
26535,0.970794
26545,0.333831
26550,0.281285
26558,0.243658
26571,0.729882
26573,0.309274
26575,0.400633
26578,0.242743
26583,0.749839
26590,0.384616
26593,0.754529
26602,0.238859
26606,0.788396
26613,0.661889
26615,0.242736
26618,0.314042
26628,0.87152
26630,0.758228
26635,0.380357
26645,0.276852
26648,0.154296
26651,0.374851
26660,0.218709
26663,0.704944
26664,0.785778
26665,0.708502
26673,0.612773
26675,0.364408
26676,0.247951
26677,0.398463
26679,0.345003
26687,0.242614
26689,0.382156
26697,0.341843
26737,0.749263
26747,0.828551
26748,0.388737
26749,0.405484
26754,0.816892
26759,0.342593
26760,0.703285
26765,0.275689
26769,0.305769
26771,0.362603
26776,0.457839
26778,0.271489
26780,0.388275
26783,0.193491
26785,0.363884
26800,0.298281
26804,0.27518
26812,0.372606
26816,0.256088
26823,0.749308
26834,0.339085
26836,0.745916
26841,0.70216
26845,0.360418
26849,0.416241
26854,0.680468
26858,0.414318
26860,0.305161
26866,0.269793
26871,0.172469
26873,0.4834
26905,0.339944
26907,0.292167
26920,0.686066
26924,0.334102
26930,0.178105
26942,0.643253
26944,0.418024
26949,0.662492
26952,0.8954
26956,0.412068
26973,0.257692
26977,0.405132
26993,0.65423
26997,0.340558
26999,0.667225
27021,0.428491
27023,0.334139
27025,-0.0128346
27027,0.449001
27032,0.733697
27034,0.26578
27036,0.562438
27045,0.340238
27050,0.192669
27051,0.853319
27055,0.423399
27056,0.444287
27060,0.355615
27061,0.772701
27066,0.714794
27070,0.404765
27073,0.255634
27077,0.865462
27085,0.438957
27086,0.389903
27099,0.429777
27105,0.390518
27109,0.497425
27125,0.245685
27135,0.444558
27139,0.537836
27140,0.896686
27141,0.401988
27142,0.356942
27144,0.314852
27148,0.355055
27154,0.499115
27162,0.638603
27175,0.493531
27176,0.462138
27178,0.655936
27197,0.666637
27204,0.602807
27205,0.396349
27206,0.318898
27207,0.309058
27216,0.357397
27230,0.242017
27234,0.277471
27241,0.406365
27249,0.967436
27251,0.210651
27252,0.726019
27256,0.772161
27257,0.554949
27263,0.287575
27268,0.399693
27269,0.300305
27276,0.39642
27279,0.7278
27288,0.773017
27295,0.197167
27299,0.338703
27302,0.43197
27304,0.379798
27316,0.543539
27318,0.167725
27330,0.348201
27333,0.64802
27335,0.632112
27339,0.290186
27341,0.687882
27342,0.380935
27345,0.471361
27347,0.500907
27354,0.530837
27361,0.293037
27375,0.694213
27387,0.697672
27390,0.602323
27392,0.974207
27399,0.178725
27403,0.272158
27410,0.504701
27423,0.345692
27429,0.267576
27432,0.491489
27436,0.401802
27437,0.64159
27441,0.660507
27444,0.663832
27445,0.188082
27448,0.619205
27454,0.495518
27459,0.325101
27465,0.424961
27478,0.851368
27479,0.373452
27481,0.695518
27483,0.673835
27486,0.252361
27498,0.358083
27505,0.428535
27507,0.357326
27509,0.214992
27514,0.338513
27527,0.844517
27535,0.266804
27544,0.266725
27545,0.329104
27556,0.3671
27563,0.366102
27569,0.396506
27585,0.732583
27589,0.327104
27605,0.368384
27608,0.829686
27609,0.289422
27611,0.312398
27621,0.498087
27626,0.721024
27629,0.311523
27645,0.876729
27651,0.334018
27654,0.339179
27656,0.734728
27663,0.726327
27673,0.2162
27677,0.315903
27678,0.322637
27680,0.342302
27681,0.419115
27684,0.272121
27688,0.293585
27706,0.491358
27709,0.516136
27720,0.387128
27722,0.406166
27733,0.724474
27734,0.681562
27739,0.550475
27746,0.462646
27751,0.893046
27755,0.321806
27777,0.493853
27783,0.239323
27795,0.353587
27805,0.379695
27811,0.353367
27815,0.307938
27823,0.346015
27856,0.299602
27873,0.473559
27883,0.284266
27885,0.70363
27887,0.726446
27899,0.486167
27921,0.476018
27924,0.423756
27927,0.391081
27929,0.323813
27932,0.361321
27943,0.59144
27945,0.49729
27952,0.441632
27957,0.934201
27960,0.428195
27966,0.356886
27968,0.823187
27980,0.744221
27984,0.327386
27994,0.373929
27995,0.368502
28002,0.672339
28004,0.694187
28006,0.27935
28028,0.75151
28042,0.87083
28043,0.380922
28055,0.747222
28061,0.375715
28063,0.679216
28077,0.516044
28090,0.802096
28093,0.334041
28095,0.383539
28096,0.733845
28098,0.916668
28099,0.363769
28111,0.285424
28115,0.419352
28123,0.410122
28125,0.484149
28126,0.835345
28129,0.797818
28131,0.39719
28139,0.430148
28146,0.27347
28153,0.906272
28155,0.315746
28160,0.656507
28166,0.329827
28167,0.864381
28176,0.576319
28185,0.405959
28187,0.724348
28195,0.828059
28203,0.265574
28206,0.303813
28209,0.353178
28210,0.212756
28211,0.313792
28216,0.243624
28234,0.377744
28235,0.8299
28248,0.337269
28255,0.396259
28266,0.39171
28277,0.312246
28286,0.48218
28288,0.420771
28289,0.530465
28290,0.397409
28296,0.288304
28300,0.701896
28306,0.214946
28307,0.338323
28309,0.340261
28327,0.503075
28336,0.353188
28345,0.304984
28355,0.366759
28361,0.336098
28362,0.454512
28374,0.282951
28380,0.820249
28381,0.305513
28393,0.211608
28394,0.238566
28405,0.436521
28413,0.29621
28426,0.653164
28428,0.86725
28429,0.7437
28442,0.359114
28445,0.228625
28457,0.882944
28459,0.726787
28462,0.505724
28478,0.147862
28490,0.402599
28492,0.310486
28499,0.108241
28500,0.342359
28506,0.7264
28509,0.297824
28513,0.36801
28516,0.408725
28519,1.00507
28526,0.267652
28527,0.160585
28528,0.878254
28533,0.346618
28547,0.449253
28551,0.35845
28563,0.609341
28566,0.462769
28568,0.404405
28580,0.339986
28589,0.339419
28590,0.758781
28606,0.664245
28613,0.375335
28615,0.212617
28619,0.361137
28629,0.668314
28633,0.317812
28635,0.655933
28646,0.339951
28648,0.757176
28651,0.340806
28660,0.707495
28681,0.437804
28693,0.661599
28696,0.385072
28703,0.49083
28709,0.484028
28712,0.728428
28718,0.217562
28719,0.597683
28727,0.197131
28730,0.78785
28732,0.727221
28740,0.245479
28747,0.423189
28752,0.600519
28757,0.347411
28764,0.416235
28765,0.730421
28770,0.708599
28772,0.944535
28783,0.37602
28786,0.320973
28796,0.38369
28799,0.899003
28806,0.905943
28807,0.401921
28815,0.547223
28818,0.348675
28823,0.401325
28824,0.465607
28831,0.880371
28834,0.482551
28841,0.313873
28848,0.664364
28882,0.519517
28884,0.368583
28904,0.36992
28907,0.287147
28919,0.342846
28920,0.705866
28928,0.159642
28935,0.107162
28936,0.387588
28945,0.340679
28950,0.959605
28957,0.624491
28963,0.312369
28974,0.303664
28980,0.462789
28988,0.606164
28999,0.292803
29001,0.532183
29004,0.0991446
29006,0.352218
29012,0.444338
29018,0.386228
29027,0.349067
29030,0.181207
29032,0.217705
29039,0.250801
29043,0.364168
29056,0.733531
29064,0.645399
29068,0.265511
29069,0.338067
29074,0.174947
29076,0.243024
29085,0.300186
29088,0.613287
29091,0.396395
29092,0.707732
29093,0.3163
29094,0.418563
29108,0.564932
29114,0.298266
29115,0.210317
29118,0.171384
29125,0.306821
29127,0.718006
29150,0.129058
29152,0.040632
29155,0.785537
29165,0.266937
29167,0.272719
29174,0.397628
29180,0.535746
29185,0.397839
29190,0.39613
29192,1.01044
29194,0.323502
29220,0.432589
29231,0.562144
29237,0.626026
29240,0.527709
29247,0.546692
29256,0.407377
29275,0.412302
29278,0.440292
29280,0.828123
29286,0.535529
29288,0.832671
29305,0.697735
29327,0.349707
29329,0.921177
29333,0.459655
29335,0.452475
29342,0.920483
29344,0.37251
29353,0.322653
29358,0.433066
29373,0.341448
29392,0.391041
29393,0.743629
29395,0.87788
29403,0.686988
29405,0.631803
29410,0.462179
29423,0.332572
29427,0.759606
29429,0.272695
29432,0.348887
29440,0.772641
29447,0.370045
29448,0.291494
29452,0.712149
29455,0.327218
29461,0.249126
29466,0.31871
29474,0.477174
29476,0.299408
29486,0.585183
29494,0.337079
29497,0.564646
29505,0.392852
29511,0.673331
29516,0.584782
29522,0.503504
29523,0.211917
29524,0.229126
29529,0.225213
29533,0.160205
29535,0.374626
29548,0.278052
29551,0.313753
29563,0.189324
29574,0.365906
29575,0.41553
29592,0.327959
29599,0.520606
29608,0.267704
29613,0.443197
29620,0.435781
29630,0.739447
29637,0.30894
29638,0.296676
29643,0.396999
29648,0.245924
29657,0.304712
29659,0.288161
29662,0.418122
29665,0.432722
29699,0.660635
29706,0.599456
29715,0.411781
29716,0.399137
29717,0.321211
29721,0.388162
29731,0.404045
29735,0.245058
29739,0.327561
29742,0.726385
29747,0.89445
29749,0.608449
29754,0.915163
29773,0.396528
29777,0.661408
29779,0.208172
29783,0.391095
29786,0.376428
29805,0.591129
29811,0.390145
29812,0.381269
29815,0.442667
29819,0.257084
29833,0.220952
29847,0.455499
29854,0.600986
29856,0.337051
29859,0.418956
29864,0.415114
29865,0.358549
29867,0.337274
29885,0.421038
29894,0.39791
29900,0.438366
29910,0.787651
29928,0.268121
29942,0.238369
29951,0.281872
29953,0.326729
29962,0.317065
29968,0.194879
29974,0.768848
29980,0.54466
29987,0.162037
29993,0.633649
30001,0.83899
30005,0.521264
30015,0.334207
30034,0.160723
30041,0.304385
30044,0.38996
30058,0.162139
30061,0.243817
30064,0.270919
30065,0.456623
30069,0.274446
30074,0.325779
30076,0.245163
30080,0.184012
30086,0.761202
30087,0.334817
30092,0.296562
30093,0.58079
30096,0.470412
30097,0.571508
30098,0.311001
30102,0.485146
30106,0.475804
30110,0.579702
30111,0.84115
30122,0.341473
30128,0.304168
30130,0.670049
30131,0.211544
30132,0.382595
30135,0.451982
30137,0.801001
30157,0.632435
30158,0.711253
30162,0.438329
30170,0.612047
30174,0.520561
30195,0.513769
30196,0.318335
30204,0.382595
30207,0.901036
30209,0.609554
30212,0.548125
30221,0.435114
30225,0.484347
30229,0.588467
30231,0.512394
30233,0.528102
30237,0.398036
30239,0.43386
30242,0.248565
30244,0.245145
30249,0.424255
30262,0.430169
30286,0.326926
30292,0.475879
30303,0.315444
30320,0.427567
30322,0.566044
30355,0.491259
30356,0.343156
30372,0.490594
30375,0.344797
30379,0.572004
30384,0.510708
30386,0.531371
30394,0.520301
30395,0.483319
30396,0.337544
30397,0.501725
30402,0.508082
30413,0.360734
30416,0.626989
30420,0.343527
30422,0.66967
30432,0.286656
30434,0.384612
30438,0.290811
30444,0.274378
30446,0.691803
30455,0.322827
30457,0.336293
30459,0.487284
30463,0.397889
30468,0.505181
30477,0.338699
30478,0.507384
30481,0.407354
30482,0.315744
30487,0.438937
30491,0.529263
30496,0.69082
30501,0.154005
30506,0.334474
30511,0.245174
30513,0.431092
30516,0.310643
30520,0.408239
30531,0.591953
30542,0.766447
30555,0.281602
30557,0.355781
30568,0.517087
30570,0.731943
30584,0.554631
30594,0.509101
30614,0.335649
30617,0.52394
30618,0.812849
30631,0.272549
30632,0.27599
30634,0.536161
30636,0.321547
30637,0.387961
30639,0.475271
30647,0.617038
30649,0.451665
30656,0.265138
30660,0.423723
30665,0.164898
30669,0.238226
30681,0.195661
30683,0.454469
30687,0.514758
30694,0.429525
